Location,Property_Type,Price_Listing,Property_Sqft,Property_Tax,Bed,Bath
"4668 CLOVELLY WALK, WEST VANCOUVER, BC V7W1H5",Single Family,6380000,5927,27768 (2024),5,6
"1701-438 SEYMOUR STREET, VANCOUVER, BC V6B 6H4",Condo,525000,535,1697 (2025),1,1
"12-4033 DOMINION STREET, BURNABY, BC V5G 0C2",Condo,779000,899,2528 (2025),2,2
"1503-1818 ALBERNI STREET, VANCOUVER, BC V6G 1B3",Condo,2530000,1116,N/A,2,2
"429 NEWLANDS ROAD, WEST VANCOUVER, BC V7T 1W2",Single Family,2750000,2422,7451 (2024),4,3
"3849 W 26TH AVENUE, RICHMOND, BC V0V 0V0",Duplex,3288000,2740,N/A,5,6
"2652 E 38TH AVENUE, VANCOUVER, BC V5R 3M9",Townhome,1199000,1165,N/A,2,2
"1108-989 BEATTY STREET, VANCOUVER, BC V6Z 3C2",Condo,508000,461,N/A,1,1
"4668 CLOVELLY WALK, WEST VANCOUVER, BC V7W 1H5",Single Family,6380000,5927,27768 (2024),5,6
"6287 BATTISON STREET, VANCOUVER, BC V5S 3M7",Single Family,1988000,2280,9561 (2025),4,2
"502-1737 DUCHESS AVENUE, WEST VANCOUVER, BC V7V 1P8",Condo,739000,755,2017 (2024),2,1
"2607-2181 MADISON AVENUE, BURNABY, BC V5C 0N4",Condo,579000,535,1848 (2025),1,1
"2564 W 6TH AVENUE, VANCOUVER, BC V6K 1W5",Townhome,1589000,1453,4643 (2025),2,2
"7766 KERR STREET, VANCOUVER, BC V5S 3E6",Single Family,1799900,2616,8400 (2025),5,2
"7983 SUNCREST DRIVE, BURNABY, BC V5J 3N4",Single Family,1888000,3128,6475 (2025),6,4
"4377 W 12TH AVENUE, VANCOUVER, BC V6R 2P9",Single Family,2780000,1979,11212 (2025),4,2
"471 BEACH CRESCENT, VANCOUVER, BC V6Z 3B9",Townhome,2988000,1980,8130 (2024),3,3
"574 NICOLA STREET, VANCOUVER, BC V6G 3J7",Townhome,1615000,1365,N/A,2,3
"5532 WESTHAVEN ROAD, WEST VANCOUVER, BC V7W 3E9",Single Family,2900000,4930,15466 (2024),5,4
"946 E KING EDWARD AVENUE, VANCOUVER, BC V5V 2E6",Single Family,2999000,1776,7604 (2025),6,5
"3838 INVERNESS STREET, VANCOUVER, BC V5V 4W2",Single Family,1339000,2230,8234 (2025),7,2
"2149 TURNER STREET, VANCOUVER, BC V5L 2A4",Single Family,1739900,1896,8543 (2025),4,2
"406 UNION STREET, VANCOUVER, BC V6A 2B6",MultiFamily,2595000,4575,8399 (2025),14,7
"2203-58 KEEFER PLACE, VANCOUVER, BC V6B 0B8",Condo,828000,867,2791 (2025),2,2
"1402-1818 ALBERNI STREET, VANCOUVER, BC V6G 1B3",Condo,2750000,1086,N/A,2,2
"5407 WALES STREET, VANCOUVER, BC V5R 3M9",Duplex,1449000,1426,N/A,3,3
"1494 ROSS ROAD, NORTH VANCOUVER, BC V7J 1V2",Townhome,1275000,1624,5936 (2024),3,2
"1202-1003 BURNABY STREET, VANCOUVER, BC V6E 4R7",Condo,598000,643,2161 (2025),1,1
"7353 YEW STREET, VANCOUVER, BC V6P 5W4",Duplex,2600000,4262,9128 (2025),4,6
"3906-4650 BRENTWOOD BOULEVARD, BURNABY, BC V5C 0M3",Condo,699880,720,2333 (2025),2,2
"836 W 64TH AVENUE, VANCOUVER, BC V6B 2L4",Duplex,1993700,2095,8326 (2024),6,5
"606-2425 ALPHA AVENUE, BURNABY, BC V5C 0N6",Condo,889000,893,2588 (2025),2,2
"1346 WHITBY ROAD, WEST VANCOUVER, BC V7S 2N5",Single Family,4380000,3507,15673 (2025),5,4
"206-2299 E 30TH AVENUE, VANCOUVER, BC V5N 5N1",Condo,525000,899,1837 (2025),1,2
"3101-1500 FERN STREET, NORTH VANCOUVER, BC V7J 0E6",Condo,1455000,1163,4234 (2025),2,2
"3-135 W 21ST STREET, NORTH VANCOUVER, BC V7M 1Z2",Condo,518000,595,1299 (2024),1,1
"1181 33RD AVENUE, VANCOUVER, BC V6M 1A2",Townhome,1780000,1300,N/A,2,3
"403-7138 COLLIER STREET, BURNABY, BC V5E 0A2",Condo,699800,941,2155 (2025),2,2
"1-3728 THURSTON STREET, BURNABY, BC V5H 0E6",Townhome,519000,516,1602 (2025),1,0
"4501-1011 W CORDOVA STREET, VANCOUVER, BC V6C 0B2",Condo,7398000,2242,22239 (2025),2,3
"3729 ST. GEORGES AVENUE, NORTH VANCOUVER, BC V7N 1W3",Single Family,2400000,3346,9212 (2024),4,3
"11-2425 EDGEMONT BOULEVARD, NORTH VANCOUVER, BC V7P 2L2",Townhome,1898000,2442,6370 (2024),3,2
"601-1818 ALBERNI STREET, VANCOUVER, BC V6G 1B3",Condo,4950000,2521,N/A,3,4
"1901-1033 MARINASIDE CRESCENT, VANCOUVER, BC V6Z 3A3",Condo,888000,752,2769 (2025),1,1
"5851 EAGLE ISLAND, WEST VANCOUVER, BC V7W 1V6",Single Family,2628000,2986,6075 (2025),3,2
"202-131 W 3RD STREET, NORTH VANCOUVER, BC V7M 1E7",Condo,797000,794,2318 (2024),2,1
"302-1616 W 13TH AVENUE, VANCOUVER, BC V6J 2G6",Condo,949000,991,2585 (2025),2,2
"PH802-2228 W BROADWAY, VANCOUVER, BC V6K 0B1",Condo,1238000,1076,4054 (2025),2,2
"202-966 W 14TH AVENUE, VANCOUVER, BC V5Z 1R4",Condo,918000,922,2838 (2025),2,2
"203-7161 17TH AVENUE, BURNABY, BC V3N 0K1",Townhome,1049900,1129,2936 (2025),3,3
"3802-4485 SKYLINE DRIVE, BURNABY, BC V5C 0J2",Condo,838000,828,2676 (2025),2,2
"6529 DAWSON STREET, VANCOUVER, BC V5S 2W2",Single Family,2099900,3039,9326 (2025),4,3
"902-3920 HASTINGS STREET, BURNABY, BC V5C 6C7",Condo,699000,1001,1862 (2024),2,1
"901-175 W 2ND STREET, NORTH VANCOUVER, BC V7M 0A5",Condo,858888,805,2741 (2024),2,2
"104-2815 YEW STREET, VANCOUVER, BC V6K 3H6",Condo,749000,777,2373 (2025),1,1
"505-2235 E BROADWAY, VANCOUVER, BC V5N 0J5",Condo,699900,626,N/A,1,1
"302-4908 CAMBIE STREET, VANCOUVER, BC V5Z 0K1",Condo,1099000,919,3782 (2025),2,2
"493 BROUGHTON STREET, VANCOUVER, BC V6G 3E8",Townhome,1998000,1443,5962 (2025),2,3
"1506 GILES PLACE, BURNABY, BC V5A 3K6",Single Family,2198000,4457,7819 (2025),5,4
"3002-1500 FERN STREET, NORTH VANCOUVER, BC V7J 0E6",Condo,1340000,1002,3861 (2025),2,2
"3715 W 22ND AVENUE, VANCOUVER, BC V6S 1J5",Single Family,3799000,2805,13780 (2025),5,4
"4917 VENABLES STREET, BURNABY, BC V5B 1X8",Duplex,1999000,2828,N/A,7,5
"508-3198 RIVERWALK AVENUE, VANCOUVER, BC V5S 0E8",Condo,1298000,1138,3879 (2025),2,2
"4590 ELMGROVE DRIVE, BURNABY, BC V5G 3Y8",Townhome,1125000,1924,3621 (2025),3,3
"1194 E 18TH AVENUE, VANCOUVER, BC V5V 1H2",Single Family,1780000,2360,7974 (2025),2,0
"2841 CHEYENNE AVENUE, VANCOUVER, BC V5R 4R5",Single Family,1648000,1646,7700 (2025),3,2
"4293 W 13TH AVENUE, VANCOUVER, BC V6R 2T7",Vacant Land,4998000,N/A,17310 (2025),N/A,0
"912 ROCHE POINT DRIVE, NORTH VANCOUVER, BC V7H 2T5",Townhome,1038000,1410,4224 (2024),3,3
"LOT A-7225 HUDSON STREET, VANCOUVER, BC V6P 4K9",Single Family,2488000,4500,16316 (2025),4,4
"2409 WINDRIDGE DRIVE, NORTH VANCOUVER, BC V7H 1B6",Single Family,4100000,5444,14054 (2024),5,7
"1202-889 PACIFIC STREET, VANCOUVER, BC V6Z 1C3",Condo,1349800,902,5005 (2025),1,2
"55-777 BURRARD STREET, VANCOUVER, BC V6Z 1X6",Condo,549000,627,1887 (2025),1,1
"502-110 SWITCHMEN STREET, VANCOUVER, BC V6A 0C6",Condo,949000,734,3112 (2025),2,2
"111-6833 VILLAGE GREEN, BURNABY, BC V5E 4M1",Condo,499000,677,1489 (2025),1,1
"6709 FLEMING STREET, VANCOUVER, BC V5P 3H4",Single Family,2580000,3180,7465 (2025),7,6
"3302-688 ABBOTT STREET, VANCOUVER, BC V6B 0B9",Condo,1299000,1245,N/A,3,2
"4815 LAUREL STREET, VANCOUVER, BC V5Z 3V9",Townhome,1099000,899,N/A,2,2
"8483 WILTSHIRE STREET, VANCOUVER, BC V6P 5H6",Single Family,9500000,8284,60596 (2025),9,11
"705-550 PACIFIC STREET, VANCOUVER, BC V6Z 3G2",Condo,850000,903,2994 (2025),2,2
"411-3811 HASTINGS STREET, BURNABY, BC V5C 6V2",Condo,755000,833,2149 (2025),2,2
"4813 LAUREL STREET, VANCOUVER, BC V5Z 3V9",Townhome,1750000,1321,N/A,3,3
"271 MONTROYAL BOULEVARD, NORTH VANCOUVER, BC V7N 4E4",Single Family,2399000,3492,9595 (2024),5,4
"305-221 UNION STREET, VANCOUVER, BC V6A 0B4",Condo,529000,626,1768 (2025),1,1
"1001-2733 CHANDLERY PLACE, VANCOUVER, BC V5S 4V3",Condo,568000,862,2183 (2025),2,2
"214-5340 HASTINGS STREET, BURNABY, BC V5B 1R1",Condo,449000,678,1378 (2025),1,1
"2060 DEEP COVE CRESCENT, NORTH VANCOUVER, BC V7G 1T2",Townhome,1250000,1730,3660 (2024),4,3
"507-209 E 7TH AVENUE, VANCOUVER, BC V5T 0H3",Condo,650000,570,2214 (2025),1,1
"5-3634 GARIBALDI DRIVE, NORTH VANCOUVER, BC V7H 2X5",Townhome,1549000,2106,5965 (2024),4,3
"2076 PURCELL WAY, NORTH VANCOUVER, BC V7J 3K3",Townhome,1325000,2085,2983 (2024),3,3
"875 ESQUIMALT AVENUE, WEST VANCOUVER, BC V7T 1J9",Single Family,2380000,2767,7841 (2025),5,3
"323 N KAMLOOPS STREET, VANCOUVER, BC V5K 0A9",Duplex,1238000,1214,N/A,3,3
"457 HILLCREST STREET, WEST VANCOUVER, BC V7V 2L8",Single Family,3590000,3573,9731 (2024),4,4
"1-275 W 17TH AVENUE, VANCOUVER, BC V5Y 1Z9",Duplex,2680000,1969,N/A,4,5
"7287 PANDORA STREET, BURNABY, BC V5A 1B8",Single Family,3298000,4422,9706 (2025),7,5
"123-2050 GLENAIRE DRIVE, NORTH VANCOUVER, BC V7P 1Y3",Townhome,699900,601,N/A,2,1
"303-5189 GASTON STREET, VANCOUVER, BC V5A 0C8",Condo,568000,676,1410,1,1
"302-1273 MARINE DRIVE, NORTH VANCOUVER, BC V7P 1T3",Condo,789000,845,3994 (2024),2,2
"210-2508 FRASER STREET, VANCOUVER, BC V5T 3V4",Condo,549900,578,1930 (2025),1,1
"1701-1888 ALBERNI STREET, VANCOUVER, BC V6G 1B3",Condo,2088000,2333,7471 (2025),3,3
"2227 HAYWOOD AVENUE, WEST VANCOUVER, BC V7V 1X6",Single Family,4290000,3773,18885 (2025),4,4
"1501-939 EXPO BOULEVARD, VANCOUVER, BC V6Z 3G7",Condo,525000,460,1625 (2025),0,1
"7813 SHAUGHNESSY STREET, VANCOUVER, BC V6P 3X7",Duplex,999999,1018,2500 (2025),3,2
"2-115 W QUEENS ROAD, NORTH VANCOUVER, BC V7N 2K4",Townhome,1580000,2103,6110 (2024),4,3
"970 PARK DRIVE, VANCOUVER, BC V6P 2J4",Single Family,1799880,1655,3650 (2024),4,3
"1002-2121 W 38TH AVENUE, VANCOUVER, BC V6M 1R8",Condo,888000,950,3103 (2025),3,2
"411-1633 TATLOW AVENUE, NORTH VANCOUVER, BC V7P 2Z8",Condo,874900,992,4295 (2025),2,2
"7815 SHAUGHNESSY STREET, VANCOUVER, BC V6P 3X7",Duplex,1399987,1504,2700 (2024),3,2
"2103-1330 HARWOOD STREET, VANCOUVER, BC V6E 1S8",Condo,305000,442,N/A,0,1
"505-5687 GRAY AVENUE, VANCOUVER, BC V6S 0K7",Condo,799900,636,1493 (2025),1,1
"209-4080 YUKON STREET, VANCOUVER, BC V5Y 0L4",Condo,1099000,967,3452 (2025),2,2
"1937 TEMPLETON DRIVE, VANCOUVER, BC V5N 4V9",Single Family,2898000,2422,N/A,6,4
"1001-1888 ALBERNI STREET, VANCOUVER, BC V6G 1B3",Condo,2148000,1596,5039 (2025),3,2
"8222 JOFFRE AVENUE, BURNABY, BC V5J 3L3",Single Family,1799000,1585,5817 (2024),3,1
"1106-1408 ROBSON STREET, VANCOUVER, BC V6G 0E6",Condo,1382800,929,N/A,2,2
"2655 E 53 AVENUE, VANCOUVER, BC V5S 1W1",Single Family,1768000,2287,8432 (2025),4,2
"1165 E 33RD AVENUE, VANCOUVER, BC V5V 3B4",Single Family,1249999,1434,6952 (2025),3,1
"971 ADDERLEY STREET, NORTH VANCOUVER, BC V7L 1T2",Single Family,2799000,3300,6073 (2025),4,5
"972 PARK DRIVE, VANCOUVER, BC V6P 2J4",Single Family,1999880,1835,5500 (2024),3,3
"7674 BURRIS STREET, BURNABY, BC V5E 1Z3",Single Family,2180000,3009,6599 (2025),7,3
"1908-4650 BRENTWOOD BOULEVARD, BURNABY, BC V5C 0M3",Condo,618000,542,1731 (2021),1,1
"4542 JOYCE STREET, VANCOUVER, BC V5R 4E6",Single Family,2369800,2057,9326 (2025),5,2
"3606 NANAIMO STREET, VANCOUVER, BC V5N 5H1",Single Family,3680000,3790,15012 (2025),4,6
"2-1116 BUTE STREET, VANCOUVER, BC V6E 1Z4",Townhome,1070000,1036,3128 (2025),2,2
"1516-1618 QUEBEC STREET, VANCOUVER, BC V6A 0C5",Condo,1198800,1078,3568 (2024),2,2
"3868 MT SEYMOUR PARKWAY, NORTH VANCOUVER, BC V7G 1C4",Single Family,1598000,2427,7047 (2024),5,3
"1-4549 W 11TH AVENUE, VANCOUVER, BC V6R 2M5",Duplex,2295000,1432,8616 (2025),3,4
"1604-1401 HUNTER STREET, NORTH VANCOUVER, BC V7J 0E2",Condo,749000,633,3681 (2024),1,1
"409-580 RAVEN WOODS DRIVE, NORTH VANCOUVER, BC V7G 2T2",Condo,699000,882,3858 (2025),2,2
"401-568 WATERS EDGE CRESCENT, WEST VANCOUVER, BC V7T 0A2",Condo,1698000,1437,4915 (2024),3,3
"5140 SLOCAN STREET, VANCOUVER, BC V5R 2A5",Townhome,1348000,1629,4397 (2025),4,5
"1181 33RD AVENUE, VANCOUVER, BC V0V 0V0",Townhome,1780000,1300,N/A,3,4
"908-1010 HOWE STREET, VANCOUVER, BC V6Z 1P5",Condo,598000,598,1977 (2025),1,1
"518 E 7TH STREET, NORTH VANCOUVER, BC V7L 1S3",Single Family,2395000,3187,7265 (2024),6,4
"1705-788 HAMILTON STREET, VANCOUVER, BC V6B 0E9",Condo,918000,914,2710 (2025),2,2
"2371 E 6TH AVENUE, VANCOUVER, BC V5N 1R4",Single Family,3299000,2594,14441 (2025),4,3
"106-3588 SAWMILL CRESCENT, VANCOUVER, BC V5S 0H5",Townhome,969000,1125,3078 (2025),3,3
"5131 MANOR STREET, BURNABY, BC V5G 1B4",Duplex,1350000,1987,4577 (2025),5,3
"204-1565 BURNABY STREET, VANCOUVER, BC V6G 2P7",Condo,559000,703,1299 (2025),1,1
"1508-189 DAVIE STREET, VANCOUVER, BC V6Z 2X9",Condo,669000,535,2286 (2025),1,1
"2107 E 33RD AVENUE, VANCOUVER, BC V5N 3E9",Townhome,1168800,1218,N/A,3,3
"1-5953 WINCH STREET, BURNABY, BC V5B 2L1",Single Family,1899000,2577,N/A,5,4
"1604-5629 BIRNEY AVENUE, VANCOUVER, BC V6S 0L5",Condo,1110000,789,1951 (2024),2,2
"3502-4508 HAZEL STREET, BURNABY, BC V5H 0E4",Condo,498000,400,1470 (2025),0,1
"2162 SE KENT AVENUE, VANCOUVER, BC V5P 4X2",Townhome,1468000,1785,4375 (2025),3,4
"2240 YORK AVENUE, VANCOUVER, BC V6K 1C6",Townhome,1638000,1341,5800 (2025),2,2
"2105 E 33RD AVENUE, VANCOUVER, BC V5N 3E9",Duplex,1188800,1200,N/A,3,2
"302-588 BROUGHTON STREET, VANCOUVER, BC V6G 3E3",Condo,899000,942,3562 (2025),2,2
"628 E 21ST STREET, NORTH VANCOUVER, BC V7V 4V8",Single Family,1799000,2265,6188 (2024),5,5
"1-5461 RHODES STREET, VANCOUVER, BC V5R 3P1",Duplex,1820000,1802,2912 (2025),5,4
"2107 E 33RD AVENUE, VANCOUVER, BC V5N 3E9",Duplex,1168800,1218,N/A,3,3
"4065 LIONS AVENUE, NORTH VANCOUVER, BC V7R 3S2",Single Family,6478000,5792,17674 (2024),6,5
"1155 12TH STREET, WEST VANCOUVER, BC V7T2N4",Townhome,2750000,2645,7274 (2025),4,5
"310-6737 STATION HILL COURT, BURNABY, BC V3N 4V2",Condo,499000,775,1450 (2024),1,1
"973 ADDERLEY STREET, NORTH VANCOUVER, BC V7L 1O4",Single Family,2799000,3218,6192 (2025),4,5
"4389 LOCARNO CRESCENT, VANCOUVER, BC V6R 1G2",Single Family,3890000,3503,16042 (2023),5,4
"2605-6098 STATION STREET, BURNABY, BC V5H 0H4",Condo,938000,903,2940 (2025),2,2
"6-258 W 14TH STREET, NORTH VANCOUVER, BC V7M 1P3",Townhome,1498000,1803,4412 (2025),3,3
"311-3588 SAWMILL CRESCENT, VANCOUVER, BC V5S 0H5",Condo,500000,562,1655 (2025),1,1
"4-8430 JELLICOE STREET, VANCOUVER, BC V5S 4S7",Condo,599000,896,2077 (2025),2,2
"804-7171 BERESFORD STREET, BURNABY, BC V5E 3Z8",Condo,599000,910,1795 (2025),2,2
"4293 W 13TH AVENUE, VANCOUVER, BC V6R 2T7",Single Family,4998000,2904,17311 (2025),5,3
"2341 PANORAMA DRIVE, NORTH VANCOUVER, BC V7G 1V4",Single Family,2398800,2327,8772 (2024),4,3
"602-1783 MANITOBA STREET, VANCOUVER, BC V5Y 0K1",Condo,1099900,999,3449 (2025),2,2
"508-1088 RICHARDS STREET, VANCOUVER, BC V6B 0J8",Condo,626000,587,1501 (2024),1,1
"128-2050 GLENAIRE DRIVE, NORTH VANCOUVER, BC V7P 1Y3",Townhome,1799900,1880,N/A,4,3
"34-5221 OAKMOUNT CRESCENT, BURNABY, BC V5H 4R4",Townhome,1588800,2695,4976 (2025),4,3
"15-6778 OAK STREET, VANCOUVER, BC V6P 0L2",Townhome,1598000,1418,5413 (2025),3,4
"101-2663 LIBRARY LANE, NORTH VANCOUVER, BC V7J 0B9",Condo,1185000,1130,4699 (2024),3,2
"4-328 E 2ND STREET, NORTH VANCOUVER, BC V7L 1C7",Townhome,1158000,1668,2544 (2024),2,2
"1010 E 24TH AVENUE, VANCOUVER, BC V5V 2B1",Condo/Townhome,795000,705,4165 (2025),1,1
"415 W 26TH STREET, NORTH VANCOUVER, BC V7N 2G9",Single Family,1798000,2164,5881 (2024),5,2
"4771 RIDGELAWN DRIVE, BURNABY, BC V5C 3Y1",Vacant Land,4850000,N/A,7202 (2025),N/A,0
"905-1316 W 11TH AVENUE, VANCOUVER, BC V6H 4G8",Condo,970000,850,3118 (2025),2,2
"10-901 W 17TH STREET, NORTH VANCOUVER, BC V7P 1V8",Townhome,1200000,1678,4136 (2025),3,3
"4771 RIDGELAWN DRIVE, BURNABY, BC V5C 3Y1",Vacant Land,4850000,N/A,7202 (2025),N/A,0
"3242 W 3RD AVENUE, VANCOUVER, BC V6K 1N4",Duplex,2950000,1807,9818 (2025),3,3
"903-130 E 2ND STREET, NORTH VANCOUVER, BC V7L 1C3",Condo,649000,717,1903 (2024),1,1
"TH3-2323 FIR STREET, VANCOUVER, BC V6J 1S5",Townhome,1988900,1033,N/A,2,3
"3279 PARKER STREET, VANCOUVER, BC V5K 2V7",Single Family,1438000,2163,7416 (2025),5,2
"657-5515 BOUNDARY ROAD, VANCOUVER, BC V5R 0E3",Condo,559000,634,1940 (2025),1,1
"3106-4508 HAZEL STREET, BURNABY, BC V5H 0E4",Condo,899000,909,2881 (2025),2,2
"4346 PENDER STREET, BURNABY, BC V5C 2M6",Single Family,3025000,3525,9520 (2025),7,6
"3180 BENBOW ROAD, WEST VANCOUVER, BC V7V 3E2",Single Family,8299000,5890,11683 (2024),5,7
"1-638 E 46TH AVENUE, VANCOUVER, BC V5W 2A3",Duplex,1498000,1547,N/A,3,4
"406-5535 HASTINGS STREET, BURNABY, BC V5B 1R2",Condo,618000,585,1692 (2025),1,1
"602-2323 FIR STREET, VANCOUVER, BC V6J 1S5",Condo,1867900,870,N/A,2,2
"901-1919 WYLIE STREET, VANCOUVER, BC V5Y 0E7",Condo,1099000,994,3480 (2025),2,2
"401-5340 HASTINGS STREET, BURNABY, BC V5B 1R1",Condo,499000,792,1533 (2025),1,1
"2201-1500 FERN STREET, NORTH VANCOUVER, BC V7J 0B6",Condo,1025000,871,3148 (2025),2,2
"805-1616 COLUMBIA STREET, VANCOUVER, BC V5Y 0B7",Condo,1899000,1164,5569 (2025),2,2
"205-5665 IRMIN STREET, BURNABY, BC V5J 0C4",Condo,529000,622,1661 (2025),1,1
"PH6-5555 DUNBAR STREET, VANCOUVER, BC V6N 1W5",Condo,1150000,983,2830 (2026),2,2
"401-475 13TH STREET, WEST VANCOUVER, BC V7T 2N7",Condo,1998800,1595,N/A,3,2
"503-4650 BRENTWOOD BOULEVARD, BURNABY, BC V5C 0M3",Condo,569000,534,1687 (2025),1,1
"4001-6537 TELFORD AVENUE, BURNABY, BC V5H 0K9",Condo,679000,518,1979 (2025),1,1
"2603-4880 LOUGHEED HIGHWAY, BURNABY, BC V5C 0N1",Condo,948000,862,2946 (2025),2,2
"6545 CHARLES STREET, BURNABY, BC V5B 2H2",Single Family,2210000,2385,7343 (2025),4,2
"607-1571 W 57TH AVENUE, VANCOUVER, BC V6P 0H7",Condo,1499000,1174,4832 (2025),2,2
"405-5535 HASTINGS STREET, BURNABY, BC V5B 1R2",Condo,588000,540,1605 (2025),1,1
"1902-1010 RICHARDS STREET, VANCOUVER, BC V6B 1G2",Condo,578000,572,2087 (2025),1,1
"602-1561 W 57TH AVENUE, VANCOUVER, BC V6P 0H5",Condo,1269900,887,3499 (2025),2,2
"3721 SUNSET LANE, WEST VANCOUVER, BC V7V 1N3",Single Family,5780000,2859,26853 (2024),3,3
"101-7878 GRANVILLE STREET, VANCOUVER, BC V6P 4Z2",Condo,899900,901,3042 (2024),2,2
"3009-4189 HALIFAX STREET, BURNABY, BC V5C 0H9",Condo,718000,777,2255 (2025),2,2
"2234 PALMERSTON AVENUE, WEST VANCOUVER, BC V7V 2V8",Single Family,2990000,2059,8366 (2024),4,3
"6926 CARNEGIE STREET, BURNABY, BC V5B 1Y5",Duplex,1998000,2692,N/A,8,5
"1-5459 RHODES STREET, VANCOUVER, BC V5R 3P1",Duplex,1849000,1824,2912 (2025),5,4
"2557 E KENT AVENUE NORTH, VANCOUVER, BC V5S 2H7",Single Family,1999999,1976,8287 (2025),4,2
"3766 ETON STREET, BURNABY, BC V5C 1J2",Single Family,2225000,3487,6101 (2023),6,3
"102-6700 DUNBLANE AVENUE, BURNABY, BC V5H 3K6",Townhome,1288000,1348,4418 (2025),3,2
"602-5629 BIRNEY AVENUE, VANCOUVER, BC V6S 0L5",Condo,869000,601,1493 (2025),1,1
"1149 E 63RD AVENUE, VANCOUVER, BC V5X 2L3",Single Family,1648000,2330,8705 (2025),4,3
"341 RABBIT LANE, WEST VANCOUVER, BC V7S 1J1",Single Family,2980000,2968,8242 (2024),4,3
"445 W QUEENS ROAD, NORTH VANCOUVER, BC V7N 2K8",Single Family,1599000,1742,7039 (2024),2,2
"3402-2085 SKYLINE COURT, BURNABY, BC V5C 0M6",Condo,1069000,970,3358 (2025),2,2
"741 E 14TH STREET, NORTH VANCOUVER, BC V7L 2P3",Single Family,1699500,2574,7400 (2024),3,3
"6485 ADERA STREET, VANCOUVER, BC V6M 3J7",Single Family,4288000,3616,16043 (2025),4,4
"3711 W 24TH AVENUE, VANCOUVER, BC V6S 1L7",Single Family,4988888,3216,10478 (2025),5,6
"107-933 W 8TH AVENUE, VANCOUVER, BC V5Z 1E4",Townhome,829900,980,2956 (2025),2,2
"1902-1169 W CORDOVA STREET, VANCOUVER, BC V6C 3T1",Condo,7280000,2627,31286 (2025),2,3
"LOT 1-6370 NAPIER STREET, BURNABY, BC V5B 2C1",Vacant Land,1398000,N/A,N/A,N/A,0
"120-8210 ROSS STREET, VANCOUVER, BC V5X 4C6",Condo,3050000,4210,27212 (2025),N/A,0
"305-1571 W 57TH AVENUE, VANCOUVER, BC V6P 0H7",Condo,1159000,944,3770 (2025),2,2
"301-2201 PINE STREET, VANCOUVER, BC V6J 5E7",Condo,1199900,1167,3343 (2025),2,2
"405-5189 CAMBIE STREET, VANCOUVER, BC V5Z 2Z6",Condo,649900,548,2071 (2025),1,1
"309-1435 NELSON STREET, VANCOUVER, BC V6G 2Z3",Condo,550000,687,1953 (2025),1,1
"7238 BRAESIDE DRIVE, BURNABY, BC V5A 1E8",Single Family,2098000,2337,N/A,3,3
"799 PLYMOUTH DRIVE, NORTH VANCOUVER, BC V7H 2H5",Single Family,1998000,2400,5635 (2025),5,2
"301-418 E BROADWAY, VANCOUVER, BC V5T 1X2",Condo,899000,879,2346 (2025),2,2
"112-5958 IONA DRIVE, VANCOUVER, BC V6T 2L2",Townhome,1668000,2280,3186 (2025),4,4
"2272 NELSON AVENUE, WEST VANCOUVER, BC V7V 2P8",Single Family,4980000,4102,12278 (2024),4,4
"2666 E 8TH AVENUE, VANCOUVER, BC V5M 1W5",Duplex,1398888,1169,4362 (2025),3,3
"5702-1955 ALPHA AVENUE, BURNABY, BC V5C 0K6",Condo,1399900,1409,4334 (2025),3,3
"1039 OLD LILLOOET ROAD, NORTH VANCOUVER, BC V7J 3H6",Condo,729000,1079,2246 (2024),2,2
"503-1995 BEACH AVENUE, VANCOUVER, BC V6G 2Y3",Condo,1958000,1378,N/A,2,2
"310-3138 RIVERWALK AVENUE, VANCOUVER, BC V5S 0B6",Condo,799000,933,2554 (2025),2,2
"313-1238 SEYMOUR STREET, VANCOUVER, BC V6B 6J3",Condo,799000,917,2630 (2025),2,1
"111-747 E 3RD STREET, NORTH VANCOUVER, BC V7L 1G8",Townhome,1539000,1414,4533 (2024),2,3
"5570 BALACLAVA STREET, VANCOUVER, BC V6N 1L1",Single Family,3488000,2155,16919 (2025),4,2
"7887 FRENCH STREET, VANCOUVER, BC V6P 4V8",Townhome,1590000,1471,4808 (2025),3,3
"2356 KADLEC COURT, WEST VANCOUVER, BC V7S 3K3",Single Family,5980000,5232,24200 (2024),4,5
"2701-1011 W CORDOVA STREET, VANCOUVER, BC V6C 0B2",Condo,4474900,2238,20595 (2025),2,3
"56-4900 CARTIER STREET, VANCOUVER, BC V6M 4H2",Townhome,2249000,2404,6421 (2025),3,3
"7158 CARDINAL COURT, BURNABY, BC V5A 1Y7",Single Family,4100000,2400,6986 (2025),4,3
"2208-455 SW MARINE DRIVE, VANCOUVER, BC V5X 0H3",Condo,639000,500,1858 (2025),1,1
"563 ESQUIMALT AVENUE, WEST VANCOUVER, BC V7T 1J3",Single Family,2850000,2454,7816 (2024),2,3
"104-2268 E BROADWAY, VANCOUVER, BC V5N 0L2",Condo,649800,535,N/A,1,1
"126-2050 GLENAIRE DRIVE, NORTH VANCOUVER, BC V7P 1Y3",Townhome,1699900,1724,N/A,4,3
"3809-1480 HOWE STREET, VANCOUVER, BC V6Z 0G5",Condo,829000,590,2660 (2025),1,1
"275 W KING EDWARD AVENUE, VANCOUVER, BC V6J 1A3",Single Family,2980000,2229,20258 (2024),4,2
"1-6730 HEATHER STREET, VANCOUVER, BC V6P 3P4",Duplex,1598000,1503,N/A,3,4
"6728 HEATHER STREET, VANCOUVER, BC V6P 3P4",Townhome,1518000,1312,N/A,3,3
"1028 CAMBIE STREET, VANCOUVER, BC V6B 6J5",Townhome,1388800,1315,4288 (2025),2,2
"3429 PORTER STREET, VANCOUVER, BC V5N 4H2",Townhome,1249000,1319,3577 (2024),2,2
"209-1420 E 8 AVENUE, VANCOUVER, BC V5N 1T4",Condo,879000,975,2418 (2025),2,2
"3104-4485 SKYLINE DRIVE, BURNABY, BC V5C 0J2",Condo,649900,574,1887 (2025),1,1
"404-2288 PINE STREET, VANCOUVER, BC V6J 5G4",Condo,850000,1128,3433 (2025),2,2
"3008 ARBUTUS STREET, VANCOUVER, BC V6J 3Z2",Condo,1649000,1252,19585 (2025),N/A,0
"2-4211 GRAVELEY STREET, BURNABY, BC V5C 3T7",Townhome,1448000,2624,3000 (2025),5,5
"3-6730 HEATHER STREET, VANCOUVER, BC V6P 3P4",Townhome,1598000,1503,N/A,3,4
"1275 BRANTWOOD ROAD, NORTH VANCOUVER, BC V7R 1G6",Single Family,1888000,989,7678 (2024),3,1
"2-6554 CHARLES STREET, BURNABY, BC V5B 2H1",Duplex,2599000,3900,N/A,8,7
"1607-6595 WILLINGDON AVENUE, BURNABY, BC V5H 4E5",Condo,658000,946,2057 (2025),2,2
"904-2323 FIR STREET, VANCOUVER, BC V6J 1S5",Condo,2769900,1295,N/A,3,2
"4852 SLOCAN STREET, VANCOUVER, BC V5R 2A3",Single Family,1498000,1397,N/A,4,3
"2204-1420 W GEORGIA STREET, VANCOUVER, BC V6G 3K4",Condo,1149900,1081,3980 (2024),2,2
"4520 LYNN VALLEY ROAD, NORTH VANCOUVER, BC V7K 2T5",Single Family,1950000,1570,6106 (2024),3,2
"4520 LYNN VALLEY ROAD, NORTH VANCOUVER, BC V7K 2T5",Vacant Land,1950000,N/A,6106 (2024),N/A,0
"4854 SLOCAN STREET, VANCOUVER, BC V5R 2A3",Duplex,1549000,1785,N/A,5,3
"10-704 W 7TH AVENUE, VANCOUVER, BC V5Z 1B8",Townhome,799900,761,2370 (2025),1,1
"329 E PENDER STREET, VANCOUVER, BC V6A 1V1",Single Family,1600000,3674,5335 (2025),6,3
"PH8-688 E 17TH AVENUE, VANCOUVER, BC V5V 0A8",Condo,679000,638,2087 (2025),1,1
"1102-2323 FIR STREET, VANCOUVER, BC V6J 1S5",Condo,6630900,2156,N/A,3,4
"1407 BRAMWELL ROAD, WEST VANCOUVER, BC V7S 2N8",Single Family,6880000,8419,38355 (2024),5,6
"305-123 W 1ST AVENUE, VANCOUVER, BC V5Y 0E2",Condo,588800,574,1899 (2025),1,1
"201-3533 ROSS DRIVE, VANCOUVER, BC V6S 0L3",Condo,890000,774,1750 (2025),1,1
"101-5608 BERTON AVENUE, VANCOUVER, BC V6S 0M6",Condo,893000,573,1187 (2024),1,1
"2574 CORNWALL AVENUE, VANCOUVER, BC V6K 1C2",Single Family,2790000,3102,12236 (2025),5,3
"805-1420 W GEORGIA STREET, VANCOUVER, BC V6G 3K4",Condo,599900,552,1862 (2025),1,1
"602-4908 CAMBIE STREET, VANCOUVER, BC V5Z 0K1",Condo,1268000,922,4403 (2025),2,2
"3741 DUNDONALD AVENUE, BURNABY, BC V5G 3N6",Single Family,2481000,3609,8603 (2025),7,6
"621 E 23RD AVENUE, VANCOUVER, BC V5V 1X9",Single Family,2149000,2320,9095 (2025),4,3
"403-2929 W 4TH AVENUE, VANCOUVER, BC V6K 4T3",Condo,899000,951,2749 (2024),2,2
"4680 W 15TH AVENUE, VANCOUVER, BC V6R 3B6",Single Family,3639900,5350,15135 (2025),5,4
"1947 E 13TH AVENUE, VANCOUVER, BC V5N 2C3",Duplex,1169000,947,N/A,2,3
"406 UNION STREET, VANCOUVER, BC V6A 2B6",MultiFamily,2595000,6100,8399 (2025),N/A,0
"154 E 64TH AVENUE, VANCOUVER, BC V5X 2M4",Single Family,1799000,2540,9974 (2025),5,3
"202-1157 NELSON STREET, VANCOUVER, BC V6E 1J3",Condo,1025000,976,2778 (2025),2,2
"2316 NELSON AVENUE, WEST VANCOUVER, BC V7V 2R2",Single Family,3875000,4121,9084 (2024),5,4
"54-912 PREMIER STREET, NORTH VANCOUVER, BC V7J 2G8",Townhome,525000,940,N/A,2,1
"1812-2016 FULLERTON AVENUE, NORTH VANCOUVER, BC V7P 3E6",Condo,475000,726,1460 (2024),1,1
"416-2891 E HASTINGS STREET, VANCOUVER, BC V5K 5J8",Condo,499999,558,1419 (2024),1,1
"3433 DUNDAS STREET, VANCOUVER, BC V5K 1R9",Duplex,1099000,1300,2189 (2022),4,3
"2207-1888 GILMORE AVENUE, BURNABY, BC V5C 0L2",Condo,765000,687,2229 (2025),2,2
"2343 W 7TH AVENUE, VANCOUVER, BC V6K 1Y4",Townhome,1899000,1868,5554 (2025),3,3
"1308-4815 ELDORADO MEWS, VANCOUVER, BC V5R 0B2",Condo,510000,514,1712 (2025),1,1
"252 E 21ST STREET, NORTH VANCOUVER, BC V7L 3B6",Duplex,1549900,1601,5407 (2025),3,3
"103-333 ST. DAVIDS AVENUE, NORTH VANCOUVER, BC V7L 3N7",Townhome,1460000,1155,N/A,3,2
"905-6658 DOW AVENUE, BURNABY, BC V5H 0C7",Condo,848000,957,2622 (2025),2,2
"400-1455 ROBSON STREET, VANCOUVER, BC V6G 1C1",Condo,619900,622,1899 (2025),1,1
"742 E 51ST AVENUE, VANCOUVER, BC V5X 1E3",Single Family,2198000,2180,9614 (2025),6,5
"122-1228 MARINASIDE CRESCENT, VANCOUVER, BC V6Z 2W4",Condo/Townhome,2288000,1965,10230 (2025),3,4
"206-7428 ALBERTA STREET, VANCOUVER, BC V5X 0J5",Condo,1895000,1651,6174 (2025),3,3
"6739 HUMPHRIES AVENUE, BURNABY, BC V5E 3J2",Single Family,2788800,3422,9329 (2025),6,5
"228 E 26TH AVENUE, VANCOUVER, BC V5V 2H3",Single Family,2195000,2427,10162 (2025),4,5
"1506-867 HAMILTON STREET, VANCOUVER, BC V6B 2R7",Condo,818888,1030,2750 (2025),2,2
"1505-5899 WILSON AVENUE, BURNABY, BC V5H 4R9",Condo,699000,919,2051 (2025),2,2
"306-350 E 2ND AVENUE, VANCOUVER, BC V5T 4R8",Condo,669000,700,2064 (2025),1,1
"1805 E 51ST AVENUE, VANCOUVER, BC V5P 1W1",Single Family,1499000,1846,7854 (2025),6,2
"2009-4688 KINGSWAY, BURNABY, BC V5H 0E9",Condo,829000,795,2520 (2025),2,2
"1017 W 8TH AVENUE, VANCOUVER, BC V6H 1C3",Townhome,2389000,1891,7621 (2025),3,3
"141 W 13TH AVENUE, VANCOUVER, BC V5Y 1V8",Townhome,1198000,1011,3583 (2025),2,2
"5655 PORTLAND STREET, BURNABY, BC V5J 2R7",Single Family,3580000,4736,11513 (2025),9,8
"2567 LAWSON AVENUE, WEST VANCOUVER, BC V7V 2G1",Single Family,4798000,4488,18827 (2023),7,6
"306-6080 MCKAY AVENUE, BURNABY, BC V5H 0J4",Condo,808000,806,2565 (2025),2,2
"119-2050 GLENAIRE DRIVE, NORTH VANCOUVER, BC V7P 1Y3",Townhome,1299900,1310,N/A,3,3
"306-625 E 3RD STREET, NORTH VANCOUVER, BC V7L 1G6",Condo,969000,1034,3002 (2024),2,2
"1245 E 51ST AVENUE, VANCOUVER, BC V5X 1E9",Single Family,1498000,2075,7457 (2025),3,2
"1-1183 W 33RD AVENUE, VANCOUVER, BC V0V 0V0",Duplex,2288000,1608,N/A,3,4
"703-2167 BELLEVUE AVENUE, WEST VANCOUVER, BC V7V 1C2",Condo,1498000,1202,3384 (2024),2,2
"405-789 DRAKE STREET, VANCOUVER, BC V6Z 2N7",Condo,462900,584,1706 (2025),1,1
"1516 BALFOUR AVENUE, VANCOUVER, BC V6J 2T9",Single Family,3680000,4088,16417 (2025),5,4
"1905-5629 BIRNEY AVENUE, VANCOUVER, BC V6S 0L5",Condo,1048888,753,1980 (2025),2,2
"2705-5938 OLIVE AVENUE, BURNABY, BC V5H 2P6",Condo,1118900,864,N/A,3,2
"3302-2311 BETA AVENUE, BURNABY, BC V5C 0M1",Condo,938000,1049,2477 (2025),3,2
"3153 PARKER STREET, VANCOUVER, BC V5K 2V4",Single Family,1799900,2500,9435 (2025),4,4
"6525 DENBIGH AVENUE, BURNABY, BC V5H 3R7",Single Family,1988000,2529,6692 (2025),5,3
"1302-3487 BINNING ROAD, VANCOUVER, BC V6S 0A5",Condo,1288000,1033,2417 (2025),2,2
"102-1990 E KENT AVENUE SOUTH AVENUE, VANCOUVER, BC V5P 4X5",Condo,1099000,1390,3161 (2025),2,2
"909-2108 GILMORE AVENUE, BURNABY, BC V5C 0N8",Condo,738000,710,2121 (2025),2,2
"8068 HAIG STREET, VANCOUVER, BC V6P 4R9",Single Family,3188000,2695,11328 (2025),6,7
"4180 QUESNEL DRIVE, VANCOUVER, BC V6L 2X6",Single Family,4900000,2097,25000 (2024),2,2
"304-7235 SALISBURY AVENUE, BURNABY, BC V5E 4E6",Condo,549800,960,1749 (2025),2,1
"8851 GRANVILLE, VANCOUVER, BC V7V 1Z3",MultiFamily,5000000,N/A,14078 (2023),N/A,0
"1702-6540 BURLINGTON AVENUE, BURNABY, BC V5H 4G3",Condo,649000,1170,1860 (2025),2,1
"3203-5938 OLIVE AVENUE, BURNABY, BC V5H 2P6",Condo,1065900,831,N/A,2,2
"1006-111 E 13TH STREET, NORTH VANCOUVER, BC V7L 0C7",Condo,569900,457,1722 (2024),1,1
"1304-283 DAVIE STREET, VANCOUVER, BC V6B 5T6",Condo,1149000,1268,3627 (2025),2,2
"103-185 VICTORY SHIP WAY, NORTH VANCOUVER, BC V7L 0G2",Condo,849000,640,2545 (2024),1,1
"1155 GRANVILLE STREET, VANCOUVER, BC V6Z 1M1",Vacant Land,5980000,0,18309 (2025),N/A,0
"1050 W QUEENS ROAD, NORTH VANCOUVER, BC V7R 1H7",Vacant Land,5750000,1725,30505 (2024),N/A,0
"305-1266 W 13TH AVENUE, VANCOUVER, BC V6H 1N6",Condo,510000,556,1670 (2025),0,1
"583 E 60TH AVENUE, VANCOUVER, BC V5X 2A2",Duplex,1448000,1493,3099 (2025),4,4
"1248 TECUMSEH AVENUE, VANCOUVER, BC V6H 1T2",Single Family,6500000,3383,22068 (2025),3,5
"4307 VENABLES STREET, BURNABY, BC V5C 3A3",Single Family,1499000,2168,5887 (2025),4,2
"2175 LAWSON AVENUE, WEST VANCOUVER, BC V7V 2E1",Single Family,2680000,2682,7181 (2025),5,4
"304-2535 GARDEN COURT, WEST VANCOUVER, BC V7S 0A1",Townhome,3050000,2758,11649 (2024),2,3
"301-8888 OSLER STREET, VANCOUVER, BC V6P 4G2",Condo,999000,1111,3692 (2025),2,2
"408-3825 CATES LANDING WAY, NORTH VANCOUVER, BC V7G 0A6",Condo,1369000,1098,5528 (2024),2,2
"229-255 W 1ST STREET, NORTH VANCOUVER, BC V7M 3G8",Condo,989000,981,3331 (2024),2,2
"303-3580 W 41ST AVENUE, VANCOUVER, BC V6N 3E6",Condo,899000,1126,2894 (2025),2,2
"1005-1500 FERN STREET, NORTH VANCOUVER, BC V7J 0E6",Condo,679000,617,426 (2024),1,1
"7165 MAPLE STREET, VANCOUVER, BC V6P 5P5",Single Family,5280000,4782,22434 (2025),7,8
"1285 LUCKING PLACE, NORTH VANCOUVER, BC V7J 3L5",Single Family,2129000,2583,7999 (2024),4,3
"4983 IMPERIAL STREET, BURNABY, BC V5H 0J8",Townhome,1150000,1210,3781 (2025),2,3
"4415 WOODCREST ROAD, WEST VANCOUVER, BC V7S 2W2",Single Family,2499000,3782,6850 (2024),4,4
"4543 W 11TH AVENUE, VANCOUVER, BC V6R 2M5",Single Family,2895000,2988,11329 (2025),4,4
"1398 LAWSON AVENUE, WEST VANCOUVER, BC V7T 2E7",Single Family,4488000,3553,12558 (2024),3,6
"2818 W 19TH AVENUE, VANCOUVER, BC V6L 1E5",Single Family,3280000,2524,11154 (2024),5,5
"3160 GRANDVIEW HIGHWAY, VANCOUVER, BC V5M 2E8",Single Family,3500000,2250,8269 (2025),6,2
"101-1068 W BROADWAY, VANCOUVER, BC V6H 0A7",Condo,218000,N/A,1593 (2025),N/A,0
"1278 E 13TH AVENUE, VANCOUVER, BC V5T 2M1",Single Family,1998000,2244,9082 (2025),6,3
"1006-789 DRAKE STREET, VANCOUVER, BC V6Z 2N7",Condo,429000,403,1335 (2025),1,1
"2402-8031 NUNAVUT LANE, VANCOUVER, BC V5X 0C9",Condo,1188000,1090,3781 (2019),2,2
"402-6026 TISDALL STREET, VANCOUVER, BC V5Z 3N2",Condo,530000,887,N/A,1,1
"102-4988 CAMBIE STREET, VANCOUVER, BC V5Z 2Z5",Condo,749900,629,2598 (2025),1,1
"2-1937 TEMPLETON DRIVE, VANCOUVER, BC V5N 4V9",Duplex,2099000,1725,N/A,4,3
"3929 FOREST STREET, BURNABY, BC V5G 1W7",Duplex,1980000,2636,N/A,7,4
"4607-777 RICHARDS STREET, VANCOUVER, BC V6B 0M6",Condo,1880000,1367,5900 (2025),3,2
"6669 HEATHER STREET, VANCOUVER, BC V6P 3P3",Single Family,3898000,4678,17081 (2025),6,1
"2001-668 CITADEL PARADE, VANCOUVER, BC V6B 1W6",Condo,588800,564,1858 (2025),1,1
"317-405 SKEENA STREET, VANCOUVER, BC V5K 0A3",Condo,829000,1054,2532 (2025),2,2
"1215 NEPAL CRESCENT, WEST VANCOUVER, BC V7T 2H4",Single Family,2180000,2957,5682 (2025),5,5
"TH6-7576 GRANVILLE STREET, VANCOUVER, BC V6P 0K8",Townhome,1599900,1315,N/A,3,4
"3710 HOSKINS ROAD, NORTH VANCOUVER, BC V7K 2N8",Single Family,1599800,2525,5446 (2025),4,2
"3148 GRANDVIEW HIGHWAY, VANCOUVER, BC V5M 2E8",Single Family,3500000,1470,7381,3,2
"2702-667 HOWE STREET, VANCOUVER, BC V6C 0B5",Condo,2099000,1488,6969 (2025),2,2
"2605-4650 BRENTWOOD BOULEVARD, BURNABY, BC V5C 0M3",Condo,899000,1106,3393 (2025),3,2
"606-1425 ESQUIMALT AVENUE, WEST VANCOUVER, BC V7T 1L1",Condo,419900,644,970 (2025),1,1
"101-341 W 3RD STREET, NORTH VANCOUVER, BC V7M 1G3",Condo,499800,940,2100 (2025),2,2
"321-2520 GUELPH STREET, VANCOUVER, BC V5T 0K7",Condo,999888,818,2969 (2025),2,2
"3-752 E 3RD STREET, NORTH VANCOUVER, BC V7L 1G9",Townhome,1390000,1484,4711 (2024),4,4
"6285 KINGSWAY, VANCOUVER, BC V5J 1H4",Condo,1199000,986,11319 (2025),N/A,0
"5970 CONDOR PLACE, WEST VANCOUVER, BC V7W 1W4",Single Family,3350000,3396,10264 (2024),5,5
"3452 COPELAND AVENUE, VANCOUVER, BC V5S 4B6",Townhome,724900,1189,1968 (2025),3,2
"358-422 E 3RD STREET, NORTH VANCOUVER, BC V7L 0K1",Condo/Townhome,1198500,792,N/A,2,2
"58-6878 SOUTHPOINT DRIVE, BURNABY, BC V3N 5E4",Townhome,859000,1096,2654 (2025),2,2
"3805-1033 MARINASIDE CRESCENT, VANCOUVER, BC V6Z 3A3",Condo,1588000,1068,4465 (2025),2,2
"368-422 E 3RD STREET, NORTH VANCOUVER, BC V7L 0K1",Condo/Townhome,1495000,1153,N/A,3,2
"1-1945 E 13TH AVENUE, VANCOUVER, BC V5N 2C3",Duplex,1759000,1653,N/A,3,4
"5-7307 MONTECITO DRIVE, BURNABY, BC V5A 1R2",Townhome,779000,1250,2184 (2025),2,2
"4841 THE DALE, WEST VANCOUVER, BC V7W 1K2",Single Family,4949000,3652,12428 (2024),4,5
"306-630 ROCHE POINT DRIVE, NORTH VANCOUVER, BC V7H 3A1",Condo,548900,646,2848 (2024),1,1
"524-1783 MANITOBA STREET, VANCOUVER, BC V5Y 0K1",Condo,550000,468,1802 (2025),1,1
"303-3738 NORFOLK STREET, BURNABY, BC V5G 4V4",Condo,599900,920,1845 (2025),2,2
"203-1488 HORNBY STREET, VANCOUVER, BC V6Z 1X3",Condo,1138000,1263,2885 (2024),2,2
"2673 FINCH HILL, WEST VANCOUVER, BC V7S 3H3",Single Family,9680000,9230,31088 (2024),7,10
"40-6511 CHAMBORD PLACE, VANCOUVER, BC V5S 4P2",Townhome,1103000,1820,3134 (2024),4,3
"101-5987 WILSON AVENUE, BURNABY, BC V5H 0L7",Townhome,1690000,1534,N/A,3,3
"408-5693 ELIZABETH STREET, VANCOUVER, BC V5Y 3K1",Condo,1499000,1164,4478 (2025),3,2
"1613-1618 QUEBEC STREET, VANCOUVER, BC V6A 0C5",Condo,838000,705,2616 (2025),1,1
"1205-3430 E KENT AVENUE SOUTH, VANCOUVER, BC V5S 0G7",Condo,549000,546,1827 (2025),1,1
"PH2-885 SALSBURY DRIVE, VANCOUVER, BC V5L 4A3",Condo,538000,485,1731 (2025),1,1
"303-110 SWITCHMEN STREET, VANCOUVER, BC V6A 0C6",Condo,724888,641,2392 (2025),1,1
"1711-788 HAMILTON STREET, VANCOUVER, BC V6B 0E9",Condo,689880,752,2311 (2025),1,1
"1706-1618 QUEBEC STREET, VANCOUVER, BC V6A 0C5",Condo,830000,758,2750 (2025),1,1
"6980 HUMPHRIES AVENUE, BURNABY, BC V5E 4N4",Duplex,1260000,1743,4589 (2025),4,4
"413-6893 PRENTER STREET, BURNABY, BC V5E 4L3",Condo,505000,660,1669 (2025),1,1
"4069 W 14TH AVENUE, VANCOUVER, BC V6R 2X3",Single Family,3928000,2864,16394 (2025),6,0
"215-3600 WINDCREST DRIVE, NORTH VANCOUVER, BC V7G 2S5",Townhome,675000,826,2937 (2025),1,1
"3172 GRANDVIEW HIGHWAY, VANCOUVER, BC V5M 2E8",Single Family,3500000,2152,8212,6,4
"2435 E 38TH AVENUE, VANCOUVER, BC V5R 2T8",Single Family,3800000,4953,10881 (2024),6,4
"305-1220 E PENDER STREET, VANCOUVER, BC V6A 1W8",Condo,965000,1660,2694 (2025),1,2
"1602-3487 BINNING ROAD, VANCOUVER, BC V6S 0K8",Condo,1380000,1033,2438 (2025),3,2
"3152 GRANDVIEW HIGHWAY, VANCOUVER, BC V5M 2E8",Single Family,4000000,2148,8801,6,4
"1202-1169 W CORDOVA STREET, VANCOUVER, BC V6C 3T1",Condo,6780000,2627,29870 (2025),2,3
"109-1655 NELSON STREET, VANCOUVER, BC V6G 1M4",Condo,620000,690,1934 (2025),1,1
"601-1550 FERN STREET, NORTH VANCOUVER, BC V7J 0A9",Condo,585000,588,3256 (2024),1,1
"3069 E 18TH AVENUE, VANCOUVER, BC V5M 2R4",Single Family,1250000,748,7116 (2025),2,1
"2431 W BROADWAY, VANCOUVER, BC V6K 2E8",Townhome,2199000,1862,6402 (2024),4,3
"5305-4510 HALIFAX WAY, BURNABY, BC V5C 0K4",Condo,759000,727,2361 (2025),2,2
"1712 CEDAR CRESCENT, VANCOUVER, BC V6J 2R2",Single Family,9289000,7871,44703 (2025),6,8
"1-1937 TEMPLETON DRIVE, VANCOUVER, BC V5N 4V9",Duplex,799000,697,N/A,2,1
"405-212 DAVIE STREET, VANCOUVER, BC V6B 5Z4",Condo,1038888,1170,3302 (2025),2,2
"206-2988 ALDER STREET, VANCOUVER, BC V6H 4C3",Condo,839000,933,2891 (2025),1,1
"361 E 15TH STREET, NORTH VANCOUVER, BC V7L 2R6",Duplex,2250000,2761,6966 (2024),5,4
"602-7638 CAMBIE STREET, VANCOUVER, BC V6P 3H7",Condo,2499000,2148,8522 (2025),3,3
"1-435 E 37TH AVENUE, VANCOUVER, BC V5W 1E8",Duplex,2018800,1537,N/A,3,4
"1-1933 TEMPLETON DRIVE, VANCOUVER, BC V5N 4V9",Duplex,799000,697,N/A,2,1
"2445 W 19TH AVENUE, VANCOUVER, BC V6L 1C8",Single Family,3380000,3638,15370 (2025),5,4
"3905-4458 BERESFORD STREET, BURNABY, BC V5H 0J1",Condo,689000,577,2113 (2025),1,1
"4326 CAMBRIDGE STREET, BURNABY, BC V5C 1H4",Single Family,2699900,3436,9278 (2025),3,3
"4090 MAPLE CRESCENT, VANCOUVER, BC V6J 4B2",Townhome,2699000,1905,N/A,3,3
"1365 W 7TH AVENUE, VANCOUVER, BC V6H 1B8",Townhome,1329900,1425,4120 (2024),2,2
"2103-6088 WILLINGDON AVENUE, BURNABY, BC V5H 4V2",Condo,499000,769,1736 (2025),1,1
"1-4088 MAPLE CRESCENT, VANCOUVER, BC V6J 4B2",Townhome,2499000,1794,N/A,3,4
"552 E 58TH AVENUE, VANCOUVER, BC V5X 1W2",Duplex,1788888,1774,5456 (2025),3,4
"603-4928 QUEBEC STREET, VANCOUVER, BC V5W 2N2",Condo,799900,592,N/A,1,1
"107-350 E 5TH AVENUE, VANCOUVER, BC V5T 1H4",Condo,499900,447,1355 (2025),1,1
"73-2212 FOLKESTONE WAY, WEST VANCOUVER, BC V7S 2X7",Condo,945000,1045,2309 (2024),2,1
"4388 ANGUS DRIVE, VANCOUVER, BC V6J 4J3",Single Family,5198000,3984,27609 (2025),5,4
"TH7-7576 GRANVILLE STREET, VANCOUVER, BC V6P 4Y7",Townhome,1299900,1085,N/A,2,3
"557 E 58TH AVENUE, VANCOUVER, BC V5X 1W1",Single Family,2058888,3229,9775 (2025),6,4
"101-8460 JELLICOE STREET, VANCOUVER, BC V5S 4S8",Condo,599000,912,2089 (2025),2,2
"1031 INGLEWOOD AVENUE, WEST VANCOUVER, BC V7T 1Y1",Single Family,3650000,3809,10050 (2024),4,5
"992 3RD STREET, WEST VANCOUVER, BC V7T 2J3",Single Family,2990000,4996,7694 (2024),6,3
"201-1554 BURNABY STREET, VANCOUVER, BC V6G 1W9",Condo,649000,738,1989 (2025),1,1
"311-5555 DUNBAR STREET, VANCOUVER, BC V6N 1W5",Condo,998000,852,2888 (2025),2,2
"2151 TRIUMPH STREET, VANCOUVER, BC V5L 1L1",Duplex,998000,902,5454 (2025),2,3
"1405-6070 MCMURRAY AVENUE, BURNABY, BC V5H 4J3",Condo,575000,918,1683 (2024),1,1
"4707 CEDARGLEN PLACE, BURNABY, BC V5G 4B6",Townhome,975000,1666,3172 (2025),3,3
"PH412-2680 W 4TH AVENUE, VANCOUVER, BC V6K 4S3",Condo,409000,463,1631 (2025),0,1
"2685 AILSA CRESCENT, NORTH VANCOUVER, BC V7K 2B1",Single Family,1700000,2353,7539 (2024),4,2
"4150 DOLLARTON HIGHWAY, NORTH VANCOUVER, BC V7G 1A2",Single Family,1499000,892,6796 (2024),2,1
"2710-928 BEATTY STREET, VANCOUVER, BC V6Z 3G6",Condo,699900,678,2270 (2025),1,1
"411-108 W ESPLANADE AVENUE, NORTH VANCOUVER, BC V7M 3M8",Condo,849000,919,2236 (2024),2,2
"4228 ROCKRIDGE CRESCENT, WEST VANCOUVER, BC V7W1B1",Single Family,4998000,4982,10813 (2025),4,5
"3337 W 40TH AVENUE, VANCOUVER, BC V6N 3B5",Duplex,2599900,2269,8434 (2024),5,4
"2903-5470 ORMIDALE STREET, VANCOUVER, BC V5R 0G6",Condo,568800,541,1883 (2025),1,1
"602-8888 OSLER STREET, VANCOUVER, BC V6P 4G2",Condo,899900,945,3623 (2025),2,2
"1503-888 HOMER STREET, VANCOUVER, BC V6B 0H7",Condo,599000,540,1965 (2025),1,1
"6616 WILTSHIRE STREET, VANCOUVER, BC V6P 5G7",Single Family,4480000,4064,22634 (2025),6,7
"404 SOMERSET STREET, NORTH VANCOUVER, BC V7N 1G3",Single Family,3200000,4682,17223 (2024),4,3
"4761 RIDGELAWN DRIVE, BURNABY, BC V5C 3Y1",Vacant Land,4850000,N/A,7197 (2025),N/A,0
"801-160 W KEITH ROAD, NORTH VANCOUVER, BC V7M 3M2",Condo,988000,1093,2989 (2024),2,2
"4346 WILDWOOD CRESCENT, BURNABY, BC V5G 2M4",Single Family,2788000,2718,8999 (2025),6,5
"1302-2668 ASH STREET, VANCOUVER, BC V5Z 4K4",Condo,888800,1253,3084 (2025),2,2
"808-6455 WILLINGDON AVENUE, BURNABY, BC V5H 4E4",Condo,628800,922,1869 (2025),2,1
"611-108 E 8TH STREET, NORTH VANCOUVER, BC V7L 0H1",Condo,839000,655,2372 (2024),1,1
"333 E KEITH ROAD, NORTH VANCOUVER, BC V7L 1V6",Townhome,1649000,1979,4441 (2024),4,4
"7649 YUKON STREET, VANCOUVER, BC V5X 2Y4",Single Family,2290000,2812,10007 (2024),5,3
"5878 ARLINGTON STREET, VANCOUVER, BC V5R 4N3",Single Family,2099000,2569,9240 (2025),4,3
"1614 LYNN VALLEY ROAD, NORTH VANCOUVER, BC V7J 2B4",Single Family,1788000,2136,7870 (2024),5,3
"2285 VIEWLYNN DRIVE, NORTH VANCOUVER, BC V7J 2W9",Single Family,1688000,2300,7986 (2024),5,2
"202-1333 W 7TH AVENUE, VANCOUVER, BC V6H 1B8",Condo,799000,819,2544 (2025),2,2
"401-1330 JERVIS STREET, VANCOUVER, BC V6E 2E3",Condo,1170000,1074,3554 (2025),2,2
"4203-4880 BENNETT STREET, BURNABY, BC V5H 0C1",Condo,1299000,1222,3415 (2025),2,2
"3015 E 19TH AVENUE, VANCOUVER, BC V5M 2S8",Single Family,2880000,4762,7647 (2025),6,4
"209-930 E 7TH AVENUE, VANCOUVER, BC V5T 1P6",Condo,780000,910,2437 (2025),2,2
"1403-1252 HORNBY STREET, VANCOUVER, BC V6Z 1W2",Condo,888000,890,2847 (2025),2,2
"406-3668 W 10TH AVENUE, VANCOUVER, BC V6R 2G3",Condo,2499000,1381,N/A,2,3
"4938 REDONDA DRIVE, NORTH VANCOUVER, BC V7R 3J9",Single Family,2298000,3297,9294 (2024),7,6
"2490 WESTHILL COURT, WEST VANCOUVER, BC V7S 3A5",Single Family,3788000,8033,16811 (2025),7,6
"1273 ELDON ROAD, NORTH VANCOUVER, BC V7R 1T5",Single Family,2890000,4235,10973 (2024),6,4
"605-719 W 3RD STREET, NORTH VANCOUVER, BC V7M 0E7",Condo,973000,886,2944 (2024),2,1
"123-725 W 49 AVENUE, VANCOUVER, BC V5Z 0L1",Townhome,1599900,1117,N/A,3,3
"2301-161 W GEORGIA STREET, VANCOUVER, BC V6B 0K9",Condo,699900,616,2270 (2025),1,1
"360 KEITH ROAD, WEST VANCOUVER, BC V7T 1L7",Single Family,3500000,4474,13235 (2024),5,3
"863 RICHARDS STREET, VANCOUVER, BC V6B 3B4",Townhome,1475000,1387,4147 (2025),2,3
"213-715 W 49TH AVENUE, VANCOUVER, BC V5Z 0L1",Townhome,1584900,1174,N/A,3,3
"#2-2244 E 11TH AVENUE, VANCOUVER, BC V5N 1Z6",Duplex,1968000,1640,1 (2025),3,4
"366 KEITH ROAD, WEST VANCOUVER, BC V7T 1L7",Single Family,4698800,4762,17422 (2025),6,5
"1916-938 SMITHE STREET, VANCOUVER, BC V6Z 3H8",Condo,699000,621,2105 (2025),1,1
"#1-2244 E 11TH AVENUE, VANCOUVER, BC V5N 1Z6",Duplex,1958000,1691,1 (2025),3,4
"361-5790 EAST BOULEVARD, VANCOUVER, BC V6M 4M4",Condo/Townhome,1599000,1427,4939 (2024),2,3
"105-3875 W 4TH AVENUE, VANCOUVER, BC V6R 4H8",Condo,635000,670,1939 (2025),1,1
"3507 MONMOUTH AVENUE, VANCOUVER, BC V5R 5S1",Single Family,1880000,2070,8979 (2025),2,1
"2168 W 8TH AVENUE, VANCOUVER, BC V6K 2A4",Townhome,1650000,1589,5728 (2025),4,2
"4761 RIDGELAWN DRIVE, BURNABY, BC V5C 3Y1",Single Family,4850000,2493,7197 (2025),1,1
"4218 W 10TH AVENUE, VANCOUVER, BC V6R 2H4",Single Family,2799000,2181,8403 (2025),5,6
"608-680 SEYLYNN CRESCENT, NORTH VANCOUVER, BC V7J 0B5",Condo,1025000,1173,4503 (2024),2,2
"1231 CLOVERLEY STREET, NORTH VANCOUVER, BC V7L 1N7",Single Family,1899000,2540,7586 (2024),5,3
"751-1483 E KING EDWARD AVENUE, VANCOUVER, BC V5N 5Z3",Condo,874900,905,2563 (2026),2,2
"309-5639 HAMPTON PLACE, VANCOUVER, BC V6T 2H6",Condo,720000,715,1201 (2025),1,1
"204-2410 CORNWALL AVENUE, VANCOUVER, BC V6K 1B8",Condo,1198000,904,2830 (2024),2,2
"1002-1401 HUNTER STREET, NORTH VANCOUVER, BC V7J 0E2",Condo,599000,550,3348 (2024),1,1
"2001-188 E ESPLANADE, NORTH VANCOUVER, BC V7L 4Y1",Condo,924900,954,3129 (2024),2,2
"1208-1212 HOWE STREET, VANCOUVER, BC V6Z 2M9",Condo,779800,772,2149 (2023),2,2
"2504-1111 RICHARDS STREET, VANCOUVER, BC V6B 0S3",Condo,2099900,1346,5909 (2025),3,2
"1007-1033 NELSON STREET, VANCOUVER, BC V6E 0E5",Condo,1680000,989,6212 (2025),2,2
"1602-3581 E KENT AVENUE NORTH, VANCOUVER, BC V5S 0H6",Condo,1480000,1318,4437 (2025),2,2
"203-555 W 14TH AVENUE, VANCOUVER, BC V5Z 4G8",Condo,598000,549,1815 (2025),1,1
"103B-7025 STRIDE AVENUE, BURNABY, BC V3N 4Y1",Condo,682000,1095,2131 (2025),3,2
"3722 SOUTHRIDGE PLACE, WEST VANCOUVER, BC V7V 3H8",Single Family,3728000,3767,15243 (2024),5,5
"2902 ST. ANDREWS AVENUE, NORTH VANCOUVER, BC V7N 1Z4",Single Family,4388000,5722,15297 (2024),8,8
"1408-4168 LOUGHEED HIGHWAY, BURNABY, BC V5C 0N9",Condo,699000,728,2077 (2025),2,2
"104-4932 CAMBIE STREET, VANCOUVER, BC V5Z 0K1",Condo,999800,857,3651 (2025),2,2
"105-2325 EMERY COURT, NORTH VANCOUVER, BC V7J 0E8",Condo,769900,802,N/A,2,1
"7988 SUSSEX AVENUE, BURNABY, BC V5J 3W3",Single Family,2288000,2606,6398 (2024),5,3
"708 E 49TH AVENUE, VANCOUVER, BC V5W 2H4",Single Family,1480000,1712,8458 (2025),5,3
"3852 W 50TH AVENUE, VANCOUVER, BC V6N 3V5",Single Family,4498000,4027,20627 (2025),5,6
"3449 MAYFAIR AVENUE, VANCOUVER, BC V6N 2Z1",Single Family,2435000,2236,10892 (2025),2,2
"2203-120 W 2ND STREET, NORTH VANCOUVER, BC V7M 1C3",Condo,1289000,1140,4052 (2024),2,2
"1840 ORCHARD WAY, WEST VANCOUVER, BC V7V 4G2",Single Family,12988888,7467,21996 (2024),6,8
"4265 ROCKBANK PLACE, WEST VANCOUVER, BC V7W 1A8",Single Family,5980000,5401,31291 (2024),5,6
"405-310 WATER STREET, VANCOUVER, BC V6B 1B6",Condo,649000,778,1781 (2024),1,1
"216-288 E 8TH AVENUE, VANCOUVER, BC V5T 4S8",Condo,750000,749,2077 (2025),2,1
"401-128 W 15TH STREET, NORTH VANCOUVER, BC V7M 1R5",Condo,1178000,969,N/A,2,2
"2175 GUELPH STREET, VANCOUVER, BC V5T 3N7",Townhome,1648000,1475,4949 (2025),3,3
"902-128 W 15TH STREET, NORTH VANCOUVER, BC V7M 1R5",Condo,848000,667,N/A,1,1
"102-1730 DUCHESS AVENUE, WEST VANCOUVER, BC V7V 1P9",Condo,499000,923,N/A,2,2
"3901-6538 NELSON AVENUE, BURNABY, BC V5H 0G5",Condo,899000,851,2779 (2025),2,2
"3814 W 11 AVENUE, VANCOUVER, BC V6R 2K9",Single Family,3289000,1752,11756 (2025),2,2
"3902-1289 HORNBY STREET, VANCOUVER, BC V6Z 0G7",Condo,1690000,1082,4755 (2025),2,2
"212-3690 BANFF COURT, NORTH VANCOUVER, BC V7H 2Y7",Condo,1149000,1525,4399 (2024),2,2
"1150 E 41ST AVENUE, VANCOUVER, BC V5W 1R2",Single Family,1799000,1918,8877 (2025),6,4
"801-789 DRAKE STREET, VANCOUVER, BC V6Z 2N7",Condo,420000,405,1248 (2025),0,1
"1506-2077 ROSSER AVENUE, BURNABY, BC V5C 0G6",Condo,895000,955,2694 (2025),2,2
"208-2375 EMERY COURT, NORTH VANCOUVER, BC V7J 0E8",Condo,749900,609,N/A,1,1
"409-5692 KINGS ROAD, VANCOUVER, BC V6T 1K8",Condo,818000,608,1832 (2023),1,1
"653 W 7TH AVENUE, VANCOUVER, BC V5Z 1B6",Townhome,1150000,935,3502 (2025),2,2
"936 W 37TH AVENUE, VANCOUVER, BC V5Z 2L5",Single Family,3499000,3150,15916 (2025),5,2
"838 E 14TH STREET, NORTH VANCOUVER, BC V7L 2P6",Single Family,3998000,4080,5141 (2024),7,6
"1588 MERLYNN CRESCENT, NORTH VANCOUVER, BC V7J 2X9",Single Family,2098000,2935,7689 (2025),3,3
"1808-5189 GASTON STREET, VANCOUVER, BC V5R 6C7",Condo,650000,759,2080 (2025),2,2
"1201-108 W CORDOVA STREET, VANCOUVER, BC V6B 0G5",Condo,774900,801,2441 (2025),1,1
"2802-7090 EDMONDS STREET, BURNABY, BC V3N 0C6",Condo,759000,923,2347 (2025),2,2
"306-1560 HOMER MEWS, VANCOUVER, BC V6Z 0A5",Condo,3980000,2245,15534 (2025),2,3
"1604-5833 WILSON AVENUE, BURNABY, BC V5H 4R8",Condo,799800,1078,2313 (2025),2,2
"5303-4650 BRENTWOOD BOULEVARD, BURNABY, BC V5C 0M3",Condo,1098000,1100,3479 (2024),2,2
"3315 W 38TH AVENUE, VANCOUVER, BC V6N 2X8",Single Family,4999888,3527,28277 (2024),4,4
"1711-5608 BERTON AVENUE, VANCOUVER, BC V6S 0M6",Condo,1330000,884,2054 (2024),2,2
"312-2233 BURRARD STREET, VANCOUVER, BC V6J 3H9",Condo,230000,230,2584 (2025),N/A,0
"8363 VICTORIA DRIVE, VANCOUVER, BC V5P 4A8",Single Family,1799900,2614,7028 (2025),7,4
"4856 HEADLAND DRIVE, WEST VANCOUVER, BC V7W 2Z3",Single Family,2150000,3136,6756 (2024),4,4
"308-1707 CHARLES STREET, VANCOUVER, BC V5L 2T6",Townhome,1159000,1259,3246 (2025),2,2
"310-2233 BURRARD STREET, VANCOUVER, BC V6J 3H9",Condo,290000,290,4429 (2025),N/A,0
"403-2137 CHESTERFIELD AVENUE, NORTH VANCOUVER, BC V7M 2P7",Condo,899000,800,2578 (2024),2,1
"303-5688 HASTINGS STREET, BURNABY, BC V5B 1R4",Condo,669900,773,2109 (2025),2,2
"6612 ARBUTUS STREET, VANCOUVER, BC V6P 5S5",Townhome,1568000,1340,5274 (2024),3,3
"407-77 WALTER HARDWICK AVENUE, VANCOUVER, BC V5Y 0C6",Condo,769000,702,2630 (2025),1,1
"5-531 E 16TH AVENUE, VANCOUVER, BC V5T 2V1",Townhome,1050000,901,2937 (2025),2,2
"607-1372 SEYMOUR STREET, VANCOUVER, BC V6B 0L1",Condo,639900,618,2314 (2025),1,1
"543 RUPERT STREET, VANCOUVER, BC V5K 4K6",Single Family,1699000,1800,8151 (2025),5,2
"301-7383 GRIFFITHS DRIVE, BURNABY, BC V5E 4M8",Condo,519000,710,1599 (2025),1,1
"933 MCLEAN DRIVE, VANCOUVER, BC V5L 3N1",Single Family,1688000,1461,2761 (2025),3,3
"303-750 W 12TH AVENUE, VANCOUVER, BC V5Z 0A3",Condo,899000,922,3305 (2025),2,2
"229-2033 TRIUMPH STREET, VANCOUVER, BC V5L 4X3",Condo,495000,653,1702 (2025),1,1
"2-6107 PATRICK STREET, BURNABY, BC V5J 3B8",Duplex,2298000,3288,N/A,6,6
"221-7377 SALISBURY AVENUE, BURNABY, BC V5E 4B2",Condo,549000,848,1691 (2025),2,1
"310-5325 WEST BOULEVARD, VANCOUVER, BC V6M 3W4",Condo,979000,800,3215 (2025),2,2
"607-161 W GEORGIA STREET, VANCOUVER, BC V6B 0K9",Condo,959000,853,4347 (2025),2,2
"406-16 LAKEWOOD DRIVE, VANCOUVER, BC V5L 4L1",Condo,410000,585,1136 (2023),1,1
"158 W 22ND STREET, NORTH VANCOUVER, BC V7M 1Z9",Townhome,1649000,1983,4542 (2024),3,4
"2576 OXFORD STREET, VANCOUVER, BC V5K 1N1",Single Family,2099999,1951,7165 (2025),4,3
"315-55 E CORDOVA STREET, VANCOUVER, BC V6A 0A5",Condo,685000,933,2321 (2024),1,1
"701-3105 DEER RIDGE DRIVE, WEST VANCOUVER, BC V7S 4W1",Condo,2769000,2468,6066 (2024),3,4
"5162 ALDERFEILD PLACE, WEST VANCOUVER, BC V7W 2W7",Single Family,2498000,2561,7137 (2024),4,3
"917 STATION STREET, VANCOUVER, BC V6A 4J8",Condo/Townhome,585000,697,1944 (2024),1,1
"804-2799 YEW STREET, VANCOUVER, BC V6K 4W2",Condo,1198000,1143,3311 (2025),2,2
"310-5335 HASTINGS STREET, BURNABY, BC V5B 1P9",Condo,499900,739,1569 (2025),1,1
"803-8555 GRANVILLE STREET, VANCOUVER, BC V6P 0C3",Condo,598000,511,1737 (2025),1,1
"308-333 E 1ST STREET, NORTH VANCOUVER, BC V7L 4W9",Condo,749000,701,2257 (2024),1,1
"101-1737 DUCHESS AVENUE, WEST VANCOUVER, BC V7V 1P8",Condo,568000,672,1485,1,1
"315-336 E 1ST AVENUE, VANCOUVER, BC V5T 4R6",Condo,815000,933,2557 (2025),1,1
"748 E 47TH AVENUE, VANCOUVER, BC V5W 3C4",Duplex,1658000,1446,N/A,3,4
"3002-909 MAINLAND STREET, VANCOUVER, BC V6B 1S3",Condo,948000,773,2688 (2024),2,2
"368 E KINGS ROAD, NORTH VANCOUVER, BC V7N 1H6",Single Family,1848800,3488,8008 (2024),3,4
"301-1050 CHILCO STREET, VANCOUVER, BC V6G 2R8",Condo,488000,723,1283 (2025),1,1
"1011-833 SEYMOUR STREET, VANCOUVER, BC V6B 0G4",Condo,629000,660,1958 (2025),1,1
"803-788 RICHARDS STREET, VANCOUVER, BC V6B 0C7",Condo,698000,620,2167 (2025),1,1
"15C-1500 ALBERNI STREET, VANCOUVER, BC V6G 3C9",Condo,1999999,1656,4664 (2024),3,3
"700-1788 W 13TH AVENUE, VANCOUVER, BC V6J 2H1",Condo,2395000,1806,8243 (2024),3,3
"203-2235 E BROADWAY, VANCOUVER, BC V5N 0J5",Condo,819900,837,2909 (2025),2,2
"303-5683 HAMPTON PLACE, VANCOUVER, BC V6T 2H3",Condo,998000,1067,1605 (2025),2,2
"1501-1768 COOK STREET, VANCOUVER, BC V5Y 0N3",Condo,589000,466,1943 (2025),1,1
"113-2235 E BROADWAY, VANCOUVER, BC V5N 0J5",Condo,539900,617,2173 (2025),1,1
"5086 MANOR STREET, BURNABY, BC V5G 1B5",Duplex,1399000,1319,4842 (2025),3,3
"72 SPRINGER AVENUE, BURNABY, BC V5B 3K3",Vacant Land,1648000,N/A,5892 (2025),N/A,0
"404-8888 OSLER STREET, VANCOUVER, BC V6P 4G2",Condo,545000,449,1734 (2025),1,1
"301-7465 SANDBORNE AVENUE, BURNABY, BC V3N 4W7",Condo,715000,1181,2227 (2025),2,2
"100-1233 PACIFIC BOULEVARD, VANCOUVER, BC V6Z 2R6",Condo/Townhome,88000,147,516 (2025),0,0
"2585 WESTHILL WAY, WEST VANCOUVER, BC V7S 3E4",Single Family,3499900,5001,12482 (2024),5,5
"PH2-7988 YUKON STREET, VANCOUVER, BC V5X 2Y7",Condo,1498000,1274,4730 (2025),3,2
"1347 E 64TH AVENUE, VANCOUVER, BC V5X 2P2",Duplex,1599000,1831,N/A,5,4
"2988 SCHOOL AVENUE, VANCOUVER, BC V5R 5M5",Single Family,1788000,1850,8677 (2025),5,4
"206-3089 OAK STREET, VANCOUVER, BC V6H 2K8",Condo,589999,547,1478 (2025),1,1
"2209-1111 RICHARDS STREET, VANCOUVER, BC V6B 0S3",Condo,1979000,1292,5560 (2025),3,2
"1270 W 46TH AVENUE, VANCOUVER, BC V6M 2K3",Single Family,3099000,3243,14241 (2025),4,3
"4062 NORWOOD AVENUE, NORTH VANCOUVER, BC V7N 3R3",Single Family,2999999,3747,10311 (2024),5,4
"3786 MOSCROP STREET, BURNABY, BC V5G 2C8",Single Family,2400000,990,8067 (2025),3,1
"12C-338 TAYLOR WAY, WEST VANCOUVER, BC V7T 2Y1",Condo,1149000,1334,2945 (2024),2,2
"603-1500 FERN STREET, NORTH VANCOUVER, BC V7J 0E6",Condo,975000,934,2905 (2025),1,2
"5154 RANGER AVENUE, NORTH VANCOUVER, BC V7R 3M4",Single Family,2475000,2680,9417 (2024),4,3
"1412 HOPE ROAD, NORTH VANCOUVER, BC V7P 1W8",Single Family,1690000,1525,6536 (2024),4,2
"2820 BOUNDARY ROAD, BURNABY, BC V5M 3Z8",Duplex,1299900,1998,4101 (2024),5,4
"C3-332 LONSDALE AVENUE, NORTH VANCOUVER, BC V7M 3M5",Condo/Townhome,730000,734,2131 (2025),2,1
"2528 MCGILL STREET, VANCOUVER, BC V5K 1H1",Duplex,1399000,1372,8109 (2025),3,3
"3895 SOUTHRIDGE AVENUE, WEST VANCOUVER, BC V7V 3H9",Single Family,2198000,2268,6597 (2024),3,3
"2975 W 15TH AVENUE, VANCOUVER, BC V6K 3A2",Single Family,3698000,2822,12935 (2025),4,4
"212-8460 JELLICOE STREET, VANCOUVER, BC V5S 4S8",Condo,699999,983,2220 (2025),2,2
"2333 KIRKSTONE ROAD, NORTH VANCOUVER, BC V7J 3M1",Single Family,1999000,2549,7771 (2024),5,3
"2-2764 W 14TH AVENUE, VANCOUVER, BC V6K 2X2",Duplex,2450000,1531,N/A,3,3
"204-2419 GRANT STREET, VANCOUVER, BC V5K 3G5",Condo/Townhome,684900,676,N/A,1,1
"401-33 N TEMPLETON DRIVE, VANCOUVER, BC V5L 3C9",Condo,599000,717,1799 (2025),2,1
"1702-183 KEEFER PLACE, VANCOUVER, BC V6B 6B9",Condo,876000,976,2959 (2025),2,2
"301-1888 ALBERNI STREET, VANCOUVER, BC V6G 1B3",Condo,1250000,1463,4384 (2025),2,2
"452 TEMPE CRESCENT, NORTH VANCOUVER, BC V7N 1E8",Single Family,2869000,4073,8817 (2024),6,6
"105-1295 CONIFER STREET, NORTH VANCOUVER, BC V7J 0B4",Condo,1128000,1095,4778 (2024),2,2
"1-2764 W 14TH AVENUE, VANCOUVER, BC V6K 2X2",Duplex,2400000,1531,N/A,3,3
"3336 E GEORGIA STREET, VANCOUVER, BC V5K 2L4",Single Family,2250000,1462,9439 (2025),4,2
"2195 HARRISON STREET, VANCOUVER, BC V5P 2P7",Single Family,2698000,4404,11181 (2025),10,6
"1807-838 W HASTINGS STREET, VANCOUVER, BC V6G 3E3",Condo,1099000,1027,3408 (2025),2,2
"6333 BUTLER STREET, VANCOUVER, BC V5S 3K6",Single Family,2550000,3424,10323 (2025),7,5
"387 W 13TH AVENUE, VANCOUVER, BC V5Y 1W2",Single Family,3100000,5017,12954 (2025),16,11
"1103-1295 RICHARDS STREET, VANCOUVER, BC V6B 1B7",Condo,475000,480,1575 (2025),1,1
"2822 VICTORIA DRIVE, VANCOUVER, BC V5N 4L6",Single Family,1549000,3050,7007 (2025),5,5
"2703-4720 LOUGHEED HIGHWAY, BURNABY, BC V5C 0M8",Condo,588000,515,1457 (2025),1,1
"2822 VICTORIA DRIVE, VANCOUVER, BC V5N 4L6",MultiFamily,1549000,3050,7007 (2025),6,5
"406-4928 QUEBEC STREET, VANCOUVER, BC V5W 2N2",Condo,999900,793,N/A,2,1
